STR,gDNA1,cDNA1,gDNA2,cDNA2,gDNA3,cDNA3
Human_STR_1000033_A_m5,328.0,324.0,514.0,385.0,412.0,415.0
Human_STR_1000033_A_p5,444.0,436.0,454.0,414.0,537.0,397.0
Human_STR_1000033_A_ref,280.0,352.0,400.0,490.0,460.0,391.0
Human_STR_1016925_AGGG_m5,1344.0,14287.0,1767.0,16707.0,1590.0,15103.0
Human_STR_1016925_AGGG_p5,308.0,1963.0,332.0,2056.0,323.0,2077.0
Human_STR_1016925_AGGG_ref,1241.0,17115.0,1657.0,20326.0,1592.0,17798.0
Human_STR_1018897_GTTTT_m5,3295.0,1983.0,4210.0,2438.0,3919.0,2021.0
Human_STR_1018897_GTTTT_p5,2742.0,2231.0,3791.0,2722.0,3578.0,2270.0
Human_STR_1018897_GTTTT_ref,3718.0,2887.0,4352.0,3389.0,4613.0,3027.0
Human_STR_1019944_CCGCCT_m5,1789.0,1122.0,2219.0,1333.0,2285.0,1384.0
Human_STR_1019944_CCGCCT_p5,1262.0,1343.0,1496.0,1485.0,1532.0,1564.0
Human_STR_1019944_CCGCCT_ref,1589.0,1159.0,1786.0,1350.0,1841.0,1479.0
Human_STR_1025290_GTTT_m5,1456.0,4462.0,2096.0,5927.0,2222.0,5530.0
Human_STR_1025290_GTTT_p5,3581.0,5794.0,4662.0,7373.0,4569.0,6103.0
Human_STR_1025290_GTTT_ref,2001.0,9265.0,2582.0,11303.0,2838.0,10960.0
Human_STR_103919_AAT_m5,2089.0,2395.0,2800.0,3217.0,2864.0,2714.0
Human_STR_103919_AAT_p5,278.0,279.0,365.0,368.0,335.0,343.0
Human_STR_103919_AAT_ref,1483.0,1475.0,1864.0,1770.0,1712.0,1419.0
Human_STR_104181_AC_m5,2832.0,3274.0,3736.0,4502.0,3768.0,3785.0
Human_STR_104181_AC_p5,2102.0,2369.0,2372.0,2928.0,2495.0,2618.0
Human_STR_104181_AC_ref,2106.0,1994.0,2838.0,2973.0,2795.0,2563.0
Human_STR_1045372_AT_m5,2465.0,7725.0,3121.0,9195.0,3231.0,8710.0
Human_STR_1045372_AT_p5,58.0,44.0,84.0,73.0,70.0,82.0
Human_STR_1045372_AT_ref,744.0,922.0,882.0,1051.0,863.0,813.0
Human_STR_1045515_AAAAC_m5,1669.0,1812.0,2212.0,2252.0,2192.0,2103.0
Human_STR_1045515_AAAAC_p5,579.0,445.0,680.0,483.0,696.0,457.0
Human_STR_1045515_AAAAC_ref,1138.0,1234.0,1454.0,1332.0,1499.0,1305.0
Human_STR_104710_A_m5,1314.0,1405.0,1543.0,1651.0,1496.0,1426.0
Human_STR_104710_A_p5,925.0,834.0,1108.0,1152.0,1066.0,1068.0
Human_STR_104710_A_ref,773.0,867.0,1095.0,1122.0,919.0,837.0
Human_STR_1055569_CCTTGG_m5,3725.0,3445.0,4675.0,4211.0,4680.0,3831.0
Human_STR_1055569_CCTTGG_p5,1963.0,1548.0,2671.0,2247.0,2656.0,1926.0
Human_STR_1055569_CCTTGG_ref,2178.0,2027.0,2691.0,2545.0,2718.0,2386.0
Human_STR_1085196_CTG_m5,2038.0,9732.0,2803.0,12303.0,2806.0,11419.0
Human_STR_1085196_CTG_p5,1701.0,2120.0,2208.0,2461.0,2246.0,2406.0
Human_STR_1085196_CTG_ref,1690.0,2791.0,2180.0,3454.0,2142.0,3100.0
Human_STR_10953_GTTT_m5,2506.0,3644.0,3119.0,4227.0,3250.0,4173.0
Human_STR_10953_GTTT_p5,2310.0,2645.0,3285.0,3689.0,2996.0,3211.0
Human_STR_10953_GTTT_ref,2060.0,5412.0,2904.0,6957.0,2751.0,5856.0
Human_STR_115255_A_m5,82.0,81.0,116.0,126.0,86.0,75.0
Human_STR_115255_A_p5,64.0,119.0,167.0,249.0,196.0,213.0
Human_STR_115255_A_ref,186.0,214.0,235.0,339.0,179.0,209.0
Human_STR_116357_A_m5,791.0,839.0,878.0,1105.0,896.0,871.0
Human_STR_116357_A_p5,434.0,354.0,537.0,505.0,534.0,439.0
Human_STR_116357_A_ref,437.0,470.0,515.0,599.0,605.0,594.0
Human_STR_1166550_A_m5,1356.0,1807.0,1552.0,1903.0,1729.0,1751.0
Human_STR_1166550_A_p5,818.0,1031.0,925.0,1313.0,840.0,1012.0
Human_STR_1166550_A_ref,1141.0,1187.0,1310.0,1530.0,1305.0,1287.0
Human_STR_1174645_A_m5,436.0,572.0,594.0,673.0,503.0,572.0
Human_STR_1174645_A_p5,188.0,273.0,261.0,294.0,207.0,313.0
Human_STR_1174645_A_ref,151.0,151.0,199.0,190.0,173.0,160.0
Human_STR_1174676_A_m5,229.0,241.0,380.0,385.0,329.0,367.0
Human_STR_1174676_A_p5,225.0,365.0,289.0,410.0,332.0,484.0
Human_STR_1174676_A_ref,337.0,513.0,471.0,587.0,438.0,665.0
Human_STR_1175971_T_m5,228.0,167.0,403.0,313.0,253.0,244.0
Human_STR_1175971_T_ref,44.0,56.0,82.0,105.0,89.0,103.0
Human_STR_1180136_AGGG_m5,3696.0,3236.0,4685.0,4081.0,4448.0,3468.0
Human_STR_1180136_AGGG_p5,1210.0,1596.0,1661.0,1836.0,1574.0,1472.0
Human_STR_1180136_AGGG_ref,3639.0,3764.0,4412.0,4355.0,4340.0,3823.0
Human_STR_1180924_T_m5,2163.0,17549.0,2887.0,20642.0,2888.0,18656.0
Human_STR_1180924_T_p5,2125.0,18692.0,2729.0,21391.0,3006.0,19934.0
Human_STR_1180924_T_ref,3116.0,25468.0,3769.0,28865.0,3890.0,27088.0
Human_STR_1181025_GT_m5,2460.0,6425.0,3038.0,7495.0,3176.0,7032.0
Human_STR_1181025_GT_p5,1606.0,4584.0,2260.0,5650.0,2141.0,4549.0
Human_STR_1181025_GT_ref,3164.0,7755.0,4028.0,8969.0,4068.0,8190.0
Human_STR_118329_T_m5,1007.0,1166.0,1544.0,1869.0,1458.0,1611.0
Human_STR_118329_T_p5,189.0,166.0,296.0,368.0,147.0,214.0
Human_STR_118329_T_ref,303.0,390.0,566.0,787.0,396.0,473.0
Human_STR_1199914_AAAC_m5,1077.0,1522.0,1480.0,1947.0,1632.0,1874.0
Human_STR_1199914_AAAC_p5,233.0,290.0,408.0,461.0,378.0,434.0
Human_STR_1199914_AAAC_ref,425.0,467.0,669.0,736.0,599.0,568.0
Human_STR_1202973_T_m5,82.0,82.0,88.0,77.0,133.0,102.0
Human_STR_1202973_T_p5,208.0,195.0,144.0,102.0,213.0,175.0
Human_STR_1202973_T_ref,86.0,60.0,140.0,79.0,206.0,176.0
Human_STR_1213152_AC_m5,1523.0,1959.0,1745.0,2430.0,1972.0,1905.0
Human_STR_1213152_AC_p5,587.0,553.0,582.0,655.0,625.0,516.0
Human_STR_1213152_AC_ref,911.0,965.0,953.0,1091.0,988.0,963.0
Human_STR_121489_AGGGG_m5,3566.0,59178.0,4190.0,65546.0,4235.0,61060.0
Human_STR_121489_AGGGG_p5,356.0,6574.0,404.0,8621.0,377.0,8138.0
Human_STR_121489_AGGGG_ref,2181.0,50350.0,2794.0,59477.0,2592.0,53234.0
Human_STR_1215914_CGT_m5,1304.0,1827.0,1657.0,2241.0,1733.0,2407.0
Human_STR_1215914_CGT_p5,699.0,782.0,916.0,1016.0,987.0,1159.0
Human_STR_1215914_CGT_ref,736.0,947.0,941.0,1112.0,874.0,1185.0
Human_STR_1223231_AAATGT_m5,1193.0,1516.0,1638.0,2081.0,1723.0,1702.0
Human_STR_1223231_AAATGT_p5,449.0,553.0,547.0,927.0,411.0,530.0
Human_STR_1223231_AAATGT_ref,851.0,880.0,1001.0,1143.0,946.0,903.0
Human_STR_1224980_T_m5,804.0,675.0,1043.0,831.0,1057.0,833.0
Human_STR_1224980_T_p5,66.0,73.0,55.0,46.0,115.0,120.0
Human_STR_1224980_T_ref,127.0,122.0,230.0,201.0,248.0,269.0
Human_STR_1226508_T_m5,187.0,194.0,320.0,259.0,242.0,197.0
Human_STR_1226508_T_p5,70.0,76.0,42.0,45.0,0.0,0.0
Human_STR_1231150_T_m5,504.0,722.0,765.0,916.0,634.0,749.0
Human_STR_1231150_T_p5,653.0,857.0,867.0,1094.0,859.0,991.0
Human_STR_1231150_T_ref,780.0,774.0,890.0,1138.0,990.0,993.0
Human_STR_1231702_CCT_m5,1190.0,1336.0,1749.0,1643.0,1769.0,1546.0
Human_STR_1231702_CCT_p5,857.0,1677.0,1220.0,2172.0,1120.0,1815.0
Human_STR_1231702_CCT_ref,1683.0,2853.0,2032.0,3381.0,2031.0,2965.0
Human_STR_1232239_AG_m5,851.0,1093.0,1297.0,1273.0,1166.0,1138.0
Human_STR_1232239_AG_p5,555.0,571.0,693.0,534.0,967.0,690.0
Human_STR_1232239_AG_ref,690.0,964.0,903.0,1070.0,878.0,1005.0
Human_STR_1232940_ACAG_m5,913.0,1163.0,1113.0,1427.0,1175.0,1564.0
Human_STR_1232940_ACAG_p5,536.0,661.0,683.0,870.0,657.0,666.0
Human_STR_1232940_ACAG_ref,341.0,697.0,419.0,769.0,413.0,708.0
Human_STR_1252948_CCT_m5,1290.0,1247.0,1587.0,1642.0,1448.0,1324.0
Human_STR_1252948_CCT_p5,2871.0,4270.0,3555.0,5637.0,3201.0,4531.0
Human_STR_1252948_CCT_ref,2264.0,3074.0,3012.0,3610.0,2987.0,3336.0
Human_STR_1253679_AG_m5,2245.0,34180.0,2868.0,38255.0,2800.0,35732.0
Human_STR_1253679_AG_p5,536.0,6292.0,616.0,6402.0,565.0,5443.0
Human_STR_1253679_AG_ref,1150.0,21129.0,1625.0,25434.0,1578.0,22394.0
Human_STR_1253976_T_m5,1858.0,43405.0,2359.0,52869.0,2196.0,46353.0
Human_STR_1253976_T_p5,321.0,3748.0,473.0,6474.0,444.0,4995.0
Human_STR_1253976_T_ref,734.0,12167.0,941.0,15512.0,979.0,15026.0
Human_STR_1273805_AGCG_m5,963.0,968.0,1375.0,1204.0,1355.0,1326.0
Human_STR_1273805_AGCG_p5,167.0,222.0,206.0,289.0,264.0,306.0
Human_STR_1273805_AGCG_ref,228.0,253.0,431.0,531.0,422.0,423.0
Human_STR_1274618_T_m5,846.0,799.0,1100.0,1137.0,1002.0,906.0
Human_STR_1274618_T_p5,701.0,878.0,857.0,969.0,932.0,953.0
Human_STR_1274618_T_ref,871.0,942.0,1209.0,1365.0,1223.0,1138.0
Human_STR_1276745_AGG_m5,1625.0,1705.0,2209.0,2115.0,2206.0,2005.0
Human_STR_1276745_AGG_p5,1370.0,1429.0,1413.0,1455.0,1360.0,1200.0
Human_STR_1276745_AGG_ref,1016.0,936.0,1098.0,960.0,1183.0,1130.0
Human_STR_1296034_AGGG_m5,1111.0,1520.0,1500.0,2015.0,1434.0,1629.0
Human_STR_1296034_AGGG_p5,659.0,705.0,1038.0,1106.0,987.0,904.0
Human_STR_1296034_AGGG_ref,1744.0,2324.0,2221.0,2707.0,2185.0,2482.0
Human_STR_1311570_A_m5,529.0,701.0,754.0,973.0,872.0,946.0
Human_STR_1311570_A_p5,435.0,681.0,689.0,824.0,707.0,917.0
Human_STR_1311570_A_ref,512.0,558.0,873.0,823.0,887.0,968.0
Human_STR_13314_AAAC_m5,1421.0,1414.0,1956.0,2025.0,1734.0,1556.0
Human_STR_13314_AAAC_p5,506.0,708.0,811.0,906.0,745.0,704.0
Human_STR_13314_AAAC_ref,772.0,760.0,883.0,872.0,894.0,882.0
Human_STR_1351352_GTT_m5,3071.0,43968.0,4138.0,51461.0,4278.0,46255.0
Human_STR_1351352_GTT_p5,5288.0,8356.0,6901.0,9717.0,6366.0,8405.0
Human_STR_1351352_GTT_ref,3431.0,16375.0,4283.0,19498.0,4404.0,17664.0
Human_STR_1357350_CCCGG_m5,2914.0,4368.0,3826.0,5453.0,3627.0,4428.0
Human_STR_1357350_CCCGG_p5,1105.0,862.0,1346.0,998.0,1245.0,931.0
Human_STR_1357350_CCCGG_ref,1892.0,1433.0,2034.0,1742.0,1939.0,1491.0
Human_STR_1357870_CGTG_m5,1525.0,95870.0,2187.0,119460.0,1979.0,102465.0
Human_STR_1357870_CGTG_p5,809.0,51888.0,1085.0,57397.0,1081.0,52421.0
Human_STR_1357870_CGTG_ref,1046.0,69340.0,1243.0,75076.0,1479.0,80515.0
Human_STR_1374374_T_m5,1478.0,1403.0,1938.0,1816.0,1995.0,1671.0
Human_STR_1374374_T_p5,110.0,109.0,297.0,288.0,176.0,174.0
Human_STR_1374374_T_ref,1055.0,991.0,1306.0,1291.0,1483.0,1200.0
Human_STR_1375182_AGCCTC_m5,3263.0,12255.0,4066.0,16285.0,4248.0,15744.0
Human_STR_1375182_AGCCTC_p5,1141.0,4090.0,1588.0,4990.0,1612.0,4556.0
Human_STR_1375182_AGCCTC_ref,1217.0,3822.0,1727.0,6318.0,1611.0,5460.0
Human_STR_1380592_T_m5,70.0,50.0,128.0,145.0,139.0,89.0
Human_STR_1389832_AAAC_m5,513.0,933.0,862.0,1465.0,677.0,1204.0
Human_STR_1389832_AAAC_p5,247.0,227.0,375.0,304.0,279.0,210.0
Human_STR_1389832_AAAC_ref,276.0,314.0,356.0,436.0,357.0,399.0
Human_STR_1390727_AGGG_m5,2075.0,4116.0,2461.0,4985.0,2621.0,4813.0
Human_STR_1390727_AGGG_p5,796.0,7182.0,1015.0,8158.0,1012.0,7218.0
Human_STR_1390727_AGGG_ref,1663.0,9018.0,2071.0,11027.0,1916.0,9750.0
Human_STR_1416757_AC_m5,2580.0,1812.0,3063.0,2241.0,3104.0,1891.0
Human_STR_1416757_AC_p5,1082.0,836.0,1423.0,1100.0,1391.0,844.0
Human_STR_1416757_AC_ref,1924.0,1405.0,2606.0,1858.0,2453.0,1479.0
Human_STR_1423138_A_m5,918.0,2008.0,1227.0,2319.0,1166.0,2109.0
Human_STR_1423138_A_p5,727.0,2636.0,895.0,3352.0,863.0,2738.0
Human_STR_1423138_A_ref,680.0,2310.0,843.0,3044.0,807.0,2474.0
Human_STR_1430076_CGTGTG_m5,2335.0,2713.0,3013.0,3381.0,2776.0,3037.0
Human_STR_1430076_CGTGTG_p5,1803.0,1841.0,2424.0,2269.0,1889.0,1952.0
Human_STR_1430076_CGTGTG_ref,1658.0,2192.0,2013.0,2651.0,1977.0,2291.0
Human_STR_1454101_T_ref,50.0,53.0,0.0,0.0,59.0,61.0
Human_STR_1454104_T_m5,732.0,849.0,1115.0,1380.0,1055.0,1049.0
Human_STR_1454104_T_p5,741.0,942.0,1034.0,1239.0,1052.0,1034.0
Human_STR_1454104_T_ref,993.0,1160.0,1452.0,1748.0,1426.0,1367.0
Human_STR_1454137_AAT_m5,464.0,408.0,820.0,706.0,706.0,549.0
Human_STR_1454137_AAT_p5,72.0,125.0,95.0,138.0,0.0,0.0
Human_STR_1454137_AAT_ref,164.0,270.0,195.0,176.0,301.0,267.0
Human_STR_1455527_AGC_m5,2684.0,40813.0,3698.0,47783.0,3481.0,43858.0
Human_STR_1455527_AGC_p5,1001.0,13385.0,1409.0,16534.0,1359.0,15387.0
Human_STR_1455527_AGC_ref,1609.0,21807.0,2068.0,25504.0,2195.0,25234.0
Human_STR_1461204_AC_m5,3000.0,5178.0,3555.0,6393.0,3870.0,5736.0
Human_STR_1461204_AC_p5,2454.0,3685.0,2863.0,4387.0,2755.0,3539.0
Human_STR_1461204_AC_ref,1527.0,2692.0,1837.0,2871.0,1709.0,2537.0
Human_STR_146166_AAAT_m5,3940.0,26906.0,4884.0,30878.0,5082.0,28339.0
Human_STR_146166_AAAT_p5,1829.0,5187.0,2215.0,5643.0,2217.0,5231.0
Human_STR_146166_AAAT_ref,2518.0,19125.0,3009.0,21373.0,2985.0,20324.0
Human_STR_1468968_CCT_m5,2710.0,4637.0,3394.0,5091.0,3260.0,4672.0
Human_STR_1468968_CCT_p5,3666.0,12598.0,4755.0,14994.0,4475.0,13802.0
Human_STR_1468968_CCT_ref,5602.0,12258.0,6854.0,14605.0,6930.0,13384.0
Human_STR_1470_T_m5,2182.0,2408.0,2879.0,3108.0,2564.0,2438.0
Human_STR_1470_T_p5,689.0,747.0,953.0,909.0,834.0,702.0
Human_STR_1470_T_ref,1445.0,1435.0,1941.0,1931.0,1713.0,1544.0
Human_STR_1498645_AGGCCC_m5,2217.0,6335.0,2881.0,7630.0,2908.0,6606.0
Human_STR_1498645_AGGCCC_p5,918.0,1713.0,1311.0,1996.0,1176.0,1846.0
Human_STR_1498645_AGGCCC_ref,699.0,1710.0,850.0,1777.0,815.0,1930.0
Human_STR_1503532_T_m5,692.0,1366.0,912.0,1867.0,774.0,1158.0
Human_STR_1503532_T_p5,567.0,855.0,690.0,1007.0,556.0,849.0
Human_STR_1503532_T_ref,664.0,1060.0,912.0,1654.0,798.0,1386.0
Human_STR_1513750_CGCTCT_m5,2789.0,2865.0,3475.0,3576.0,3635.0,3378.0
Human_STR_1513750_CGCTCT_p5,3935.0,7170.0,4704.0,9160.0,5036.0,7988.0
Human_STR_1513750_CGCTCT_ref,2132.0,2002.0,3085.0,2844.0,2783.0,2340.0
Human_STR_1514460_ACAT_m5,2585.0,2490.0,3149.0,3256.0,3193.0,2893.0
Human_STR_1514460_ACAT_p5,1674.0,1862.0,2262.0,2489.0,2222.0,2033.0
Human_STR_1514460_ACAT_ref,2101.0,1981.0,2947.0,2561.0,2652.0,2190.0
Human_STR_1524222_CCT_m5,2167.0,16129.0,2772.0,20237.0,2561.0,17068.0
Human_STR_1524222_CCT_p5,1725.0,13115.0,2201.0,16065.0,2337.0,14412.0
Human_STR_1524222_CCT_ref,1273.0,11358.0,1684.0,14109.0,1740.0,12059.0
Human_STR_1525312_CGTG_m5,3111.0,16986.0,3758.0,20535.0,3910.0,18898.0
Human_STR_1525312_CGTG_p5,1234.0,26885.0,1751.0,31048.0,1688.0,30373.0
Human_STR_1525312_CGTG_ref,2124.0,32013.0,2472.0,36882.0,2626.0,35139.0
Human_STR_1525615_AAGGC_m5,1052.0,927.0,1476.0,1354.0,1362.0,1217.0
Human_STR_1525615_AAGGC_p5,417.0,368.0,531.0,384.0,492.0,297.0
Human_STR_1525615_AAGGC_ref,938.0,639.0,1269.0,1008.0,1445.0,895.0
Human_STR_1525622_CCTGG_m5,1370.0,978.0,1756.0,1413.0,1645.0,1221.0
Human_STR_1525622_CCTGG_p5,389.0,217.0,445.0,161.0,482.0,218.0
Human_STR_1525622_CCTGG_ref,504.0,266.0,400.0,210.0,459.0,208.0
Human_STR_15426_T_m5,202.0,229.0,400.0,343.0,304.0,261.0
Human_STR_15426_T_p5,407.0,382.0,674.0,599.0,675.0,565.0
Human_STR_15426_T_ref,572.0,519.0,626.0,680.0,579.0,496.0
Human_STR_155155_A_m5,1117.0,909.0,1264.0,1017.0,1428.0,958.0
Human_STR_155155_A_p5,1101.0,849.0,1411.0,1058.0,1483.0,921.0
Human_STR_155155_A_ref,737.0,553.0,881.0,738.0,872.0,606.0
Human_STR_156391_A_m5,2229.0,9180.0,2706.0,11991.0,2866.0,10122.0
Human_STR_156391_A_p5,1305.0,5523.0,1783.0,6671.0,1578.0,5761.0
Human_STR_156391_A_ref,1486.0,10897.0,2005.0,14045.0,2002.0,12103.0
Human_STR_161429_T_m5,1004.0,1234.0,1413.0,1531.0,1318.0,1353.0
Human_STR_161429_T_ref,76.0,89.0,90.0,106.0,144.0,232.0
Human_STR_162936_AGC_m5,225.0,169.0,189.0,176.0,218.0,167.0
Human_STR_162936_AGC_p5,136.0,125.0,181.0,178.0,171.0,162.0
Human_STR_162936_AGC_ref,200.0,204.0,332.0,372.0,325.0,268.0
Human_STR_167897_CCT_m5,2476.0,1780.0,3327.0,2402.0,3029.0,2039.0
Human_STR_167897_CCT_p5,5816.0,12689.0,7156.0,15496.0,7449.0,13743.0
Human_STR_167897_CCT_ref,4406.0,5161.0,5562.0,6619.0,5449.0,5542.0
Human_STR_169149_CTGGT_m5,169.0,111.0,282.0,202.0,220.0,112.0
Human_STR_169149_CTGGT_p5,196.0,178.0,304.0,339.0,175.0,170.0
Human_STR_169149_CTGGT_ref,82.0,55.0,151.0,97.0,187.0,148.0
Human_STR_173735_CCGCCT_m5,1803.0,1826.0,2456.0,2737.0,2180.0,2112.0
Human_STR_173735_CCGCCT_ref,584.0,2569.0,671.0,3181.0,688.0,3068.0
Human_STR_173780_CCTGG_m5,4612.0,33349.0,5657.0,38549.0,5699.0,34713.0
Human_STR_173780_CCTGG_p5,5185.0,22372.0,6548.0,25883.0,6710.0,24984.0
Human_STR_173780_CCTGG_ref,4693.0,34421.0,5940.0,39848.0,6347.0,36399.0
Human_STR_180048_AGC_m5,1285.0,1340.0,1659.0,1863.0,1522.0,1507.0
Human_STR_180048_AGC_p5,750.0,967.0,1001.0,1194.0,862.0,878.0
Human_STR_180048_AGC_ref,910.0,1414.0,1232.0,1882.0,1162.0,1494.0
Human_STR_180937_AC_m5,2675.0,3236.0,3405.0,4372.0,3498.0,3689.0
Human_STR_180937_AC_p5,1209.0,1757.0,1575.0,2111.0,1766.0,2099.0
Human_STR_180937_AC_ref,1987.0,2620.0,2398.0,3059.0,2419.0,2971.0
Human_STR_18204_GTTT_m5,3223.0,3049.0,4184.0,3491.0,4021.0,3376.0
Human_STR_18204_GTTT_p5,1177.0,996.0,1422.0,1416.0,1267.0,1079.0
Human_STR_18204_GTTT_ref,1511.0,1667.0,2238.0,2183.0,2373.0,2057.0
Human_STR_185609_A_m5,368.0,350.0,546.0,448.0,541.0,429.0
Human_STR_185609_A_p5,118.0,149.0,220.0,222.0,252.0,197.0
Human_STR_185609_A_ref,554.0,414.0,662.0,458.0,531.0,436.0
Human_STR_186681_CCT_m5,2456.0,1706.0,2744.0,1871.0,2533.0,1700.0
Human_STR_186681_CCT_p5,5133.0,3530.0,6107.0,3865.0,5647.0,3393.0
Human_STR_186681_CCT_ref,2948.0,2144.0,3663.0,2718.0,3543.0,2554.0
Human_STR_187652_CCT_m5,2120.0,13641.0,2556.0,16240.0,2689.0,15173.0
Human_STR_187652_CCT_p5,2649.0,16405.0,3326.0,18477.0,3410.0,17234.0
Human_STR_187652_CCT_ref,2196.0,18947.0,2699.0,21719.0,2673.0,20011.0
Human_STR_192156_CCCCGG_m5,2495.0,9159.0,3158.0,11499.0,3119.0,9962.0
Human_STR_192156_CCCCGG_p5,1281.0,1237.0,1712.0,1560.0,1719.0,1271.0
Human_STR_192156_CCCCGG_ref,1524.0,3016.0,1932.0,3303.0,1870.0,3252.0
Human_STR_195241_CCTGCG_m5,1334.0,1140.0,2036.0,1763.0,1842.0,1507.0
Human_STR_195241_CCTGCG_p5,615.0,441.0,948.0,627.0,946.0,641.0
Human_STR_195241_CCTGCG_ref,839.0,724.0,1008.0,928.0,990.0,738.0
Human_STR_196863_AGG_m5,872.0,3102.0,1199.0,3802.0,1216.0,3564.0
Human_STR_196863_AGG_p5,184.0,541.0,239.0,744.0,277.0,980.0
Human_STR_196863_AGG_ref,453.0,1371.0,510.0,1721.0,654.0,1778.0
Human_STR_199569_A_m5,366.0,3269.0,445.0,3699.0,474.0,3709.0
Human_STR_199569_A_p5,311.0,4185.0,382.0,4529.0,444.0,4360.0
Human_STR_199569_A_ref,589.0,5859.0,757.0,7701.0,802.0,7016.0
Human_STR_202865_AGCCC_m5,1143.0,1009.0,1603.0,1455.0,1481.0,1262.0
Human_STR_202865_AGCCC_p5,184.0,148.0,325.0,304.0,355.0,264.0
Human_STR_202865_AGCCC_ref,613.0,508.0,881.0,739.0,795.0,515.0
Human_STR_203927_AGCCG_m5,1078.0,2067.0,1436.0,2685.0,1462.0,2361.0
Human_STR_203927_AGCCG_p5,238.0,794.0,310.0,1082.0,416.0,1249.0
Human_STR_203927_AGCCG_ref,411.0,868.0,534.0,1073.0,541.0,1070.0
Human_STR_205083_A_m5,587.0,1440.0,709.0,1804.0,780.0,1421.0
Human_STR_205083_A_p5,260.0,606.0,408.0,893.0,467.0,912.0
Human_STR_205083_A_ref,433.0,1172.0,445.0,1106.0,581.0,1380.0
Human_STR_205623_T_m5,1445.0,2558.0,1692.0,2706.0,1839.0,2559.0
Human_STR_205623_T_p5,794.0,1434.0,1207.0,2385.0,1055.0,1696.0
Human_STR_205623_T_ref,951.0,1772.0,1266.0,2154.0,1245.0,1990.0
Human_STR_206997_CCT_m5,2319.0,1771.0,3030.0,1927.0,2751.0,1692.0
Human_STR_206997_CCT_p5,2226.0,1874.0,3312.0,2580.0,2860.0,2187.0
Human_STR_206997_CCT_ref,1727.0,1196.0,2040.0,1566.0,2000.0,1222.0
Human_STR_207186_AATG_m5,808.0,700.0,1154.0,887.0,949.0,657.0
Human_STR_207186_AATG_p5,399.0,236.0,554.0,330.0,561.0,323.0
Human_STR_207186_AATG_ref,477.0,420.0,505.0,538.0,491.0,437.0
Human_STR_207650_AACCGG_m5,2011.0,1677.0,2606.0,2215.0,2427.0,1868.0
Human_STR_207650_AACCGG_p5,516.0,468.0,850.0,718.0,735.0,538.0
Human_STR_207650_AACCGG_ref,983.0,1130.0,1334.0,1522.0,1223.0,1096.0
Human_STR_207977_T_m5,880.0,814.0,1193.0,1264.0,1132.0,1078.0
Human_STR_207977_T_p5,1002.0,1034.0,1335.0,1318.0,1181.0,1058.0
Human_STR_207977_T_ref,1322.0,1243.0,1638.0,1900.0,1448.0,1376.0
Human_STR_228251_A_m5,1026.0,1307.0,1206.0,1667.0,1281.0,1345.0
Human_STR_228251_A_p5,727.0,798.0,908.0,1033.0,811.0,799.0
Human_STR_228251_A_ref,773.0,1009.0,973.0,1352.0,961.0,1012.0
Human_STR_229484_A_m5,660.0,689.0,594.0,644.0,558.0,558.0
Human_STR_229484_A_p5,512.0,672.0,610.0,709.0,565.0,486.0
Human_STR_229484_A_ref,630.0,873.0,773.0,1089.0,786.0,813.0
Human_STR_231168_AT_m5,247.0,196.0,338.0,235.0,260.0,240.0
Human_STR_231168_AT_ref,139.0,156.0,187.0,208.0,174.0,194.0
Human_STR_231398_AC_m5,1200.0,1272.0,1502.0,1793.0,1372.0,1391.0
Human_STR_231398_AC_p5,769.0,622.0,1071.0,913.0,1102.0,898.0
Human_STR_231398_AC_ref,1852.0,2365.0,2298.0,3127.0,2193.0,2730.0
Human_STR_236523_ATTT_m5,1118.0,746.0,1400.0,910.0,1204.0,821.0
Human_STR_236523_ATTT_ref,166.0,151.0,77.0,72.0,95.0,79.0
Human_STR_23655_ACGC_m5,979.0,2899.0,1342.0,4065.0,1363.0,3591.0
Human_STR_23655_ACGC_p5,937.0,18175.0,1105.0,19404.0,1298.0,20920.0
Human_STR_23655_ACGC_ref,703.0,7489.0,865.0,8212.0,1019.0,8282.0
Human_STR_266121_CGG_m5,1382.0,3847.0,1771.0,4958.0,1829.0,4716.0
Human_STR_266121_CGG_p5,273.0,526.0,339.0,666.0,357.0,654.0
Human_STR_266121_CGG_ref,1397.0,3142.0,1791.0,3662.0,1771.0,3106.0
Human_STR_2689_AGCCGG_m5,3589.0,6054.0,4044.0,6317.0,3964.0,5850.0
Human_STR_2689_AGCCGG_p5,1224.0,1436.0,1727.0,1773.0,1596.0,1507.0
Human_STR_2689_AGCCGG_ref,1874.0,2788.0,2311.0,3340.0,2095.0,3000.0
Human_STR_269233_CT_m5,2474.0,1710.0,3041.0,2134.0,3242.0,1855.0
Human_STR_269233_CT_p5,2049.0,1458.0,2795.0,2031.0,2521.0,1745.0
Human_STR_269233_CT_ref,2701.0,1953.0,3483.0,2401.0,3212.0,2282.0
Human_STR_272386_AGCCTG_m5,5102.0,8797.0,6094.0,10925.0,6143.0,10262.0
Human_STR_272386_AGCCTG_p5,1749.0,2193.0,2079.0,2798.0,2094.0,2481.0
Human_STR_272386_AGCCTG_ref,2341.0,3528.0,3067.0,4959.0,3008.0,4451.0
Human_STR_274430_T_m5,502.0,392.0,649.0,646.0,474.0,509.0
Human_STR_274430_T_ref,125.0,197.0,167.0,217.0,174.0,223.0
Human_STR_278269_CCGTCT_m5,3097.0,4790.0,3799.0,5964.0,3984.0,4950.0
Human_STR_278269_CCGTCT_p5,601.0,723.0,959.0,1061.0,868.0,1000.0
Human_STR_278269_CCGTCT_ref,1730.0,2016.0,2141.0,2239.0,2051.0,2145.0
Human_STR_278410_AGGCC_m5,2115.0,1841.0,2568.0,2255.0,2336.0,1886.0
Human_STR_278410_AGGCC_p5,482.0,294.0,578.0,305.0,516.0,259.0
Human_STR_278410_AGGCC_ref,1417.0,1299.0,1605.0,1560.0,1782.0,1545.0
Human_STR_282173_T_m5,1157.0,27333.0,1588.0,36813.0,1522.0,33010.0
Human_STR_282173_T_p5,860.0,15560.0,1147.0,19211.0,1145.0,17391.0
Human_STR_282173_T_ref,1090.0,22622.0,1351.0,28205.0,1602.0,26696.0
Human_STR_283_GTTT_m5,388.0,233.0,605.0,581.0,742.0,466.0
Human_STR_283_GTTT_p5,1288.0,1320.0,1836.0,1821.0,1804.0,1458.0
Human_STR_283_GTTT_ref,1773.0,1669.0,2601.0,2408.0,2553.0,2136.0
Human_STR_286432_GTT_m5,343.0,417.0,366.0,466.0,474.0,588.0
Human_STR_286432_GTT_p5,83.0,187.0,129.0,250.0,110.0,250.0
Human_STR_286432_GTT_ref,154.0,180.0,152.0,167.0,146.0,194.0
Human_STR_289791_AC_m5,2744.0,11936.0,3343.0,15297.0,3452.0,13040.0
Human_STR_289791_AC_p5,1608.0,9890.0,1985.0,11407.0,2062.0,10174.0
Human_STR_289791_AC_ref,2106.0,11510.0,2567.0,13358.0,2619.0,11945.0
Human_STR_299169_A_m5,288.0,309.0,277.0,450.0,274.0,339.0
Human_STR_299169_A_p5,211.0,357.0,264.0,411.0,263.0,353.0
Human_STR_299169_A_ref,213.0,368.0,303.0,465.0,290.0,436.0
Human_STR_303935_CTGGG_m5,2605.0,2117.0,3434.0,2907.0,3526.0,2822.0
Human_STR_303935_CTGGG_p5,1996.0,2384.0,2326.0,2665.0,2313.0,2472.0
Human_STR_303935_CTGGG_ref,1915.0,1856.0,2564.0,2231.0,2307.0,2250.0
Human_STR_305138_GT_m5,3006.0,3459.0,3864.0,4115.0,3744.0,3522.0
Human_STR_305138_GT_p5,2216.0,2638.0,2694.0,2945.0,2789.0,2561.0
Human_STR_305138_GT_ref,3433.0,3557.0,4269.0,4154.0,4236.0,3896.0
Human_STR_305441_CCTT_m5,3208.0,5322.0,4183.0,7077.0,4201.0,6260.0
Human_STR_305441_CCTT_p5,3662.0,7625.0,4711.0,9646.0,4585.0,8234.0
Human_STR_305441_CCTT_ref,3072.0,6761.0,3886.0,8940.0,3846.0,7485.0
Human_STR_30633_T_m5,461.0,2111.0,629.0,3108.0,647.0,2880.0
Human_STR_30633_T_p5,78.0,311.0,188.0,720.0,142.0,427.0
Human_STR_30633_T_ref,334.0,1581.0,521.0,2344.0,499.0,2185.0
Human_STR_306627_AGGC_m5,2507.0,20550.0,3014.0,22978.0,3082.0,21062.0
Human_STR_306627_AGGC_p5,877.0,9932.0,1187.0,11987.0,1152.0,10544.0
Human_STR_306627_AGGC_ref,1660.0,18184.0,2081.0,21216.0,2159.0,19339.0
Human_STR_306732_ATT_m5,5161.0,26751.0,6587.0,31616.0,6771.0,28146.0
Human_STR_306732_ATT_p5,744.0,773.0,1068.0,900.0,937.0,767.0
Human_STR_306732_ATT_ref,1929.0,2491.0,2660.0,2763.0,2387.0,2525.0
Human_STR_309619_GT_m5,735.0,692.0,1236.0,938.0,1080.0,888.0
Human_STR_309619_GT_p5,771.0,678.0,961.0,926.0,898.0,738.0
Human_STR_309619_GT_ref,778.0,793.0,1172.0,1166.0,1257.0,1010.0
Human_STR_310235_AAAC_m5,2691.0,2476.0,3757.0,3303.0,3252.0,2673.0
Human_STR_310235_AAAC_p5,638.0,492.0,784.0,593.0,849.0,510.0
Human_STR_310235_AAAC_ref,931.0,896.0,1257.0,1155.0,1103.0,933.0
Human_STR_333288_T_m5,334.0,504.0,308.0,482.0,438.0,580.0
Human_STR_333288_T_p5,143.0,189.0,168.0,273.0,292.0,337.0
Human_STR_333288_T_ref,277.0,389.0,555.0,615.0,412.0,513.0
Human_STR_335697_A_m5,1178.0,1264.0,1382.0,1614.0,1346.0,1318.0
Human_STR_335697_A_p5,883.0,882.0,1196.0,1313.0,1166.0,1122.0
Human_STR_335697_A_ref,945.0,959.0,1289.0,1414.0,1175.0,1135.0
Human_STR_339270_CGCT_m5,903.0,1208.0,1257.0,1709.0,1062.0,1374.0
Human_STR_339270_CGCT_p5,573.0,647.0,664.0,650.0,592.0,595.0
Human_STR_339270_CGCT_ref,955.0,1182.0,1412.0,1699.0,1367.0,1612.0
Human_STR_344243_T_m5,131.0,159.0,218.0,268.0,176.0,191.0
Human_STR_344243_T_p5,108.0,123.0,257.0,305.0,248.0,253.0
Human_STR_344243_T_ref,89.0,181.0,165.0,284.0,127.0,207.0
Human_STR_345398_GTTTTT_m5,5134.0,5291.0,6654.0,6960.0,6470.0,6612.0
Human_STR_345398_GTTTTT_p5,5248.0,4227.0,6654.0,5121.0,6269.0,4841.0
Human_STR_345398_GTTTTT_ref,4196.0,4757.0,5645.0,6530.0,5602.0,5539.0
Human_STR_346571_AAAC_m5,744.0,1024.0,985.0,1510.0,1011.0,1356.0
Human_STR_346571_AAAC_p5,269.0,211.0,293.0,213.0,309.0,194.0
Human_STR_346571_AAAC_ref,304.0,268.0,346.0,328.0,360.0,266.0
Human_STR_346599_AAAC_m5,880.0,913.0,953.0,1157.0,888.0,940.0
Human_STR_346599_AAAC_p5,163.0,124.0,230.0,244.0,286.0,255.0
Human_STR_346599_AAAC_ref,279.0,230.0,537.0,475.0,360.0,332.0
Human_STR_346881_A_m5,629.0,692.0,828.0,820.0,858.0,638.0
Human_STR_346881_A_p5,256.0,240.0,442.0,405.0,429.0,261.0
Human_STR_346881_A_ref,548.0,609.0,766.0,821.0,774.0,764.0
Human_STR_358369_CGTG_m5,343.0,380.0,326.0,645.0,463.0,541.0
Human_STR_358369_CGTG_p5,349.0,1090.0,444.0,1405.0,519.0,1412.0
Human_STR_358369_CGTG_ref,442.0,1114.0,522.0,1409.0,551.0,1435.0
Human_STR_358466_AC_m5,2195.0,1784.0,2731.0,2437.0,2362.0,1623.0
Human_STR_358466_AC_p5,780.0,567.0,1096.0,753.0,871.0,502.0
Human_STR_358466_AC_ref,1335.0,1048.0,1849.0,1440.0,1590.0,1197.0
Human_STR_36250_T_m5,1755.0,6764.0,2257.0,8376.0,2068.0,7423.0
Human_STR_36250_T_p5,1085.0,4377.0,1313.0,5445.0,1280.0,4419.0
Human_STR_36250_T_ref,2220.0,8773.0,2655.0,10602.0,2747.0,10224.0
Human_STR_370315_AAC_m5,1595.0,2156.0,2030.0,2709.0,1996.0,2365.0
Human_STR_370315_AAC_p5,485.0,629.0,756.0,944.0,732.0,653.0
Human_STR_370315_AAC_ref,1292.0,1599.0,1710.0,2398.0,1674.0,1751.0
Human_STR_370730_A_p5,54.0,47.0,55.0,49.0,0.0,0.0
Human_STR_370730_A_ref,96.0,109.0,61.0,57.0,83.0,59.0
Human_STR_39968_AGC_m5,1552.0,1239.0,2013.0,1456.0,1965.0,1346.0
Human_STR_39968_AGC_p5,123.0,185.0,224.0,232.0,238.0,244.0
Human_STR_39968_AGC_ref,444.0,436.0,631.0,660.0,719.0,611.0
Human_STR_402408_T_m5,1734.0,3074.0,2003.0,4001.0,2286.0,3477.0
Human_STR_402408_T_p5,2541.0,4536.0,2957.0,5515.0,2883.0,4711.0
Human_STR_402408_T_ref,1519.0,2371.0,1806.0,3237.0,1702.0,2558.0
Human_STR_403867_T_m5,2933.0,2829.0,3624.0,3654.0,3835.0,3274.0
Human_STR_403867_T_p5,1925.0,1869.0,2450.0,2514.0,2518.0,2106.0
Human_STR_403867_T_ref,4205.0,3926.0,5301.0,5013.0,5329.0,4227.0
Human_STR_404457_T_m5,1015.0,986.0,1339.0,1252.0,1164.0,945.0
Human_STR_404457_T_p5,636.0,593.0,573.0,626.0,530.0,490.0
Human_STR_404457_T_ref,450.0,434.0,469.0,484.0,534.0,488.0
Human_STR_405463_T_m5,454.0,643.0,550.0,963.0,543.0,777.0
Human_STR_405463_T_p5,306.0,348.0,444.0,506.0,337.0,548.0
Human_STR_405463_T_ref,357.0,502.0,550.0,742.0,614.0,681.0
Human_STR_405583_AAACC_m5,6854.0,18806.0,8399.0,23762.0,8632.0,21806.0
Human_STR_405583_AAACC_p5,1813.0,1697.0,2348.0,2016.0,2031.0,1683.0
Human_STR_405583_AAACC_ref,1547.0,2431.0,2079.0,3161.0,2185.0,2807.0
Human_STR_41883_AAAT_m5,1074.0,1134.0,1622.0,1492.0,1585.0,1248.0
Human_STR_41883_AAAT_p5,347.0,322.0,395.0,320.0,447.0,342.0
Human_STR_41883_AAAT_ref,322.0,325.0,457.0,410.0,459.0,321.0
Human_STR_427120_AAAC_m5,1459.0,1278.0,1779.0,1719.0,1828.0,1488.0
Human_STR_427120_AAAC_p5,314.0,237.0,579.0,400.0,340.0,287.0
Human_STR_427120_AAAC_ref,715.0,545.0,1010.0,730.0,984.0,635.0
Human_STR_427657_CGGCT_m5,1154.0,2307.0,1505.0,2645.0,1475.0,2353.0
Human_STR_427657_CGGCT_p5,532.0,3858.0,609.0,4131.0,650.0,3975.0
Human_STR_427657_CGGCT_ref,656.0,2081.0,845.0,2590.0,766.0,2106.0
Human_STR_441841_AGCCG_m5,2793.0,18833.0,3579.0,21941.0,3637.0,19213.0
Human_STR_441841_AGCCG_p5,689.0,5125.0,915.0,6686.0,959.0,6092.0
Human_STR_441841_AGCCG_ref,1316.0,8658.0,1666.0,11236.0,1675.0,9596.0
Human_STR_448255_ACGG_m5,1471.0,1341.0,1830.0,1656.0,1770.0,1446.0
Human_STR_448255_ACGG_p5,1117.0,970.0,1334.0,1141.0,1298.0,945.0
Human_STR_448255_ACGG_ref,1117.0,840.0,1416.0,1037.0,1154.0,758.0
Human_STR_448801_GT_m5,1183.0,2342.0,1485.0,2835.0,1525.0,2589.0
Human_STR_448801_GT_p5,685.0,854.0,831.0,1168.0,734.0,831.0
Human_STR_448801_GT_ref,770.0,1332.0,850.0,1443.0,962.0,1452.0
Human_STR_455306_AT_m5,366.0,353.0,558.0,532.0,512.0,376.0
Human_STR_455306_AT_p5,110.0,150.0,173.0,110.0,194.0,127.0
Human_STR_455306_AT_ref,92.0,118.0,111.0,97.0,89.0,92.0
Human_STR_462669_T_ref,48.0,52.0,67.0,131.0,0.0,0.0
Human_STR_462868_AC_m5,3563.0,3751.0,4458.0,4448.0,4484.0,3939.0
Human_STR_462868_AC_p5,3218.0,3508.0,4027.0,3988.0,4093.0,3598.0
Human_STR_462868_AC_ref,3637.0,4072.0,4864.0,4523.0,4704.0,3961.0
Human_STR_464459_A_m5,413.0,431.0,571.0,599.0,533.0,532.0
Human_STR_464459_A_p5,188.0,255.0,241.0,394.0,233.0,290.0
Human_STR_464459_A_ref,395.0,605.0,472.0,859.0,458.0,547.0
Human_STR_468553_CTG_m5,1106.0,1487.0,1498.0,1930.0,1335.0,1419.0
Human_STR_468553_CTG_p5,569.0,683.0,768.0,861.0,824.0,763.0
Human_STR_468553_CTG_ref,814.0,1249.0,1035.0,1437.0,978.0,1309.0
Human_STR_469501_AC_m5,851.0,1301.0,1149.0,1418.0,1426.0,1523.0
Human_STR_469501_AC_p5,1239.0,1263.0,1538.0,1482.0,1538.0,1457.0
Human_STR_469501_AC_ref,1564.0,1652.0,2044.0,2303.0,2024.0,1851.0
Human_STR_470457_AATG_m5,1530.0,1329.0,2182.0,1990.0,1935.0,1466.0
Human_STR_470457_AATG_p5,558.0,486.0,715.0,661.0,659.0,500.0
Human_STR_470457_AATG_ref,831.0,618.0,1084.0,922.0,1184.0,829.0
Human_STR_480573_AC_m5,1744.0,2019.0,2376.0,2635.0,2381.0,2139.0
Human_STR_480573_AC_p5,2346.0,2395.0,2792.0,3025.0,3000.0,2431.0
Human_STR_480573_AC_ref,2479.0,2257.0,3106.0,2819.0,3236.0,2464.0
Human_STR_482599_CCT_m5,1783.0,2145.0,2319.0,3021.0,2184.0,2209.0
Human_STR_482599_CCT_p5,2343.0,4526.0,2794.0,5720.0,2949.0,4957.0
Human_STR_482599_CCT_ref,1498.0,3319.0,1727.0,4160.0,1768.0,3568.0
Human_STR_485095_T_m5,1424.0,5205.0,1871.0,6389.0,1803.0,5358.0
Human_STR_485095_T_p5,265.0,983.0,315.0,1206.0,409.0,1312.0
Human_STR_485095_T_ref,722.0,3437.0,926.0,5059.0,880.0,3381.0
Human_STR_485944_T_m5,187.0,178.0,198.0,217.0,228.0,198.0
Human_STR_485944_T_p5,215.0,159.0,190.0,209.0,125.0,181.0
Human_STR_485944_T_ref,124.0,117.0,186.0,272.0,182.0,167.0
Human_STR_486806_AACT_m5,631.0,1098.0,1058.0,1613.0,889.0,1156.0
Human_STR_486806_AACT_p5,1414.0,1569.0,1965.0,2301.0,1823.0,1726.0
Human_STR_486806_AACT_ref,832.0,1310.0,1035.0,1663.0,1136.0,1591.0
Human_STR_489540_A_m5,99.0,132.0,169.0,201.0,101.0,110.0
Human_STR_489540_A_p5,98.0,178.0,133.0,168.0,130.0,163.0
Human_STR_489540_A_ref,321.0,347.0,368.0,478.0,448.0,356.0
Human_STR_492967_CTTT_m5,886.0,874.0,1070.0,1033.0,986.0,842.0
Human_STR_492967_CTTT_p5,970.0,1009.0,1496.0,1185.0,1212.0,909.0
Human_STR_492967_CTTT_ref,848.0,681.0,1064.0,1007.0,1173.0,798.0
Human_STR_497669_GT_m5,1385.0,1209.0,1981.0,1654.0,1581.0,1295.0
Human_STR_497669_GT_p5,1350.0,1453.0,1646.0,1756.0,1552.0,1337.0
Human_STR_497669_GT_ref,1894.0,1872.0,2332.0,2261.0,2303.0,1817.0
Human_STR_501637_ACGC_m5,2597.0,6355.0,3215.0,7043.0,3094.0,5976.0
Human_STR_501637_ACGC_p5,2134.0,19210.0,2677.0,20934.0,2668.0,18983.0
Human_STR_501637_ACGC_ref,2086.0,10518.0,2615.0,11819.0,2628.0,10444.0
Human_STR_503106_A_m5,307.0,238.0,378.0,388.0,384.0,305.0
Human_STR_503106_A_p5,130.0,116.0,190.0,187.0,189.0,209.0
Human_STR_503106_A_ref,555.0,566.0,689.0,671.0,471.0,442.0
Human_STR_524696_GT_m5,1285.0,1192.0,1902.0,1585.0,1599.0,1417.0
Human_STR_524696_GT_p5,1254.0,1215.0,1456.0,1328.0,1776.0,1336.0
Human_STR_524696_GT_ref,1116.0,1128.0,1533.0,1319.0,1592.0,1274.0
Human_STR_530660_A_m5,818.0,583.0,999.0,752.0,1408.0,856.0
Human_STR_530660_A_p5,533.0,453.0,749.0,542.0,734.0,448.0
Human_STR_530660_A_ref,988.0,728.0,1436.0,965.0,1513.0,1054.0
Human_STR_534167_CCGGG_m5,1794.0,1293.0,2216.0,1661.0,2129.0,1269.0
Human_STR_534167_CCGGG_p5,358.0,190.0,301.0,116.0,172.0,61.0
Human_STR_534167_CCGGG_ref,1252.0,743.0,1667.0,996.0,1271.0,709.0
Human_STR_540372_CCTGG_m5,431.0,474.0,520.0,526.0,521.0,425.0
Human_STR_540372_CCTGG_p5,226.0,226.0,252.0,223.0,227.0,166.0
Human_STR_540372_CCTGG_ref,244.0,302.0,224.0,345.0,303.0,329.0
Human_STR_540548_T_m5,968.0,917.0,1548.0,1171.0,1074.0,858.0
Human_STR_540548_T_p5,228.0,226.0,461.0,449.0,368.0,313.0
Human_STR_540548_T_ref,463.0,485.0,698.0,661.0,701.0,608.0
Human_STR_543711_AAAAC_m5,861.0,1545.0,1600.0,2168.0,1461.0,1751.0
Human_STR_543711_AAAAC_p5,709.0,1024.0,1019.0,1185.0,967.0,1031.0
Human_STR_543711_AAAAC_ref,907.0,1068.0,1054.0,1164.0,1070.0,971.0
Human_STR_547128_T_m5,1353.0,1391.0,1710.0,1575.0,1680.0,1590.0
Human_STR_547128_T_p5,1140.0,1341.0,1566.0,1929.0,1866.0,1705.0
Human_STR_547128_T_ref,1879.0,1954.0,2492.0,2649.0,2620.0,2637.0
Human_STR_551105_T_p5,178.0,139.0,212.0,170.0,184.0,168.0
Human_STR_551105_T_ref,117.0,102.0,112.0,117.0,159.0,173.0
Human_STR_555144_T_m5,1346.0,1154.0,1770.0,1436.0,1479.0,1117.0
Human_STR_555144_T_p5,447.0,464.0,525.0,540.0,501.0,439.0
Human_STR_555144_T_ref,550.0,574.0,837.0,765.0,811.0,591.0
Human_STR_555730_C_m5,990.0,973.0,1178.0,1167.0,1227.0,1032.0
Human_STR_555755_CGGGG_m5,5118.0,6485.0,6605.0,7987.0,6688.0,7237.0
Human_STR_555755_CGGGG_p5,829.0,4008.0,1102.0,4732.0,1078.0,4539.0
Human_STR_555755_CGGGG_ref,2696.0,13511.0,3464.0,16555.0,3541.0,14541.0
Human_STR_558307_CGG_m5,1209.0,8697.0,1527.0,11457.0,1579.0,9924.0
Human_STR_558307_CGG_p5,604.0,4835.0,793.0,6474.0,771.0,5880.0
Human_STR_558307_CGG_ref,1038.0,7464.0,1311.0,8661.0,1386.0,7953.0
Human_STR_562560_AG_m5,64.0,69.0,67.0,89.0,59.0,99.0
Human_STR_562560_AG_p5,107.0,102.0,113.0,121.0,144.0,131.0
Human_STR_562560_AG_ref,48.0,60.0,144.0,179.0,143.0,150.0
Human_STR_574472_A_m5,476.0,485.0,677.0,623.0,732.0,549.0
Human_STR_574472_A_p5,302.0,492.0,479.0,565.0,489.0,462.0
Human_STR_574472_A_ref,418.0,562.0,553.0,794.0,589.0,646.0
Human_STR_578679_T_m5,379.0,269.0,442.0,329.0,456.0,276.0
Human_STR_578679_T_p5,71.0,84.0,106.0,123.0,91.0,96.0
Human_STR_578679_T_ref,39.0,46.0,93.0,88.0,38.0,58.0
Human_STR_581421_A_m5,1170.0,6631.0,1568.0,8502.0,1593.0,7383.0
Human_STR_581421_A_p5,985.0,6867.0,1368.0,8283.0,1238.0,7264.0
Human_STR_581421_A_ref,435.0,3017.0,606.0,4104.0,652.0,3699.0
Human_STR_58152_A_m5,544.0,633.0,775.0,843.0,658.0,643.0
Human_STR_58152_A_p5,813.0,715.0,1109.0,957.0,980.0,861.0
Human_STR_58152_A_ref,543.0,591.0,576.0,686.0,640.0,698.0
Human_STR_585503_ATGG_m5,2592.0,16525.0,3247.0,20075.0,3383.0,17738.0
Human_STR_585503_ATGG_p5,1010.0,5031.0,1281.0,5906.0,1299.0,5213.0
Human_STR_585503_ATGG_ref,2089.0,12126.0,2429.0,13381.0,2576.0,13014.0
Human_STR_586001_AAAC_m5,1156.0,1994.0,1568.0,2468.0,1501.0,2153.0
Human_STR_586001_AAAC_p5,256.0,277.0,365.0,387.0,262.0,283.0
Human_STR_586001_AAAC_ref,828.0,892.0,1181.0,1213.0,1044.0,1031.0
Human_STR_586552_CCCTG_m5,1027.0,703.0,1621.0,1052.0,1401.0,881.0
Human_STR_586552_CCCTG_p5,492.0,403.0,1041.0,638.0,668.0,507.0
Human_STR_586552_CCCTG_ref,725.0,567.0,1116.0,812.0,897.0,707.0
Human_STR_586660_AC_m5,1601.0,1087.0,2169.0,1359.0,2085.0,1241.0
Human_STR_586660_AC_p5,723.0,743.0,825.0,769.0,807.0,704.0
Human_STR_586660_AC_ref,1341.0,1086.0,1906.0,1277.0,1890.0,1117.0
Human_STR_588652_GTTTT_m5,3097.0,16845.0,3936.0,20546.0,4016.0,17719.0
Human_STR_588652_GTTTT_p5,3912.0,11758.0,4978.0,13925.0,5450.0,12937.0
Human_STR_588652_GTTTT_ref,2374.0,18253.0,3070.0,21921.0,3033.0,18999.0
Human_STR_590844_CGTG_m5,1951.0,843.0,2516.0,1132.0,2194.0,892.0
Human_STR_590844_CGTG_p5,681.0,3858.0,926.0,4632.0,870.0,3382.0
Human_STR_590844_CGTG_ref,1289.0,661.0,1746.0,837.0,1440.0,636.0
Human_STR_596988_T_m5,1081.0,790.0,1349.0,1024.0,1290.0,853.0
Human_STR_596988_T_p5,469.0,412.0,495.0,443.0,517.0,476.0
Human_STR_596988_T_ref,1011.0,843.0,1136.0,924.0,1309.0,863.0
Human_STR_598281_T_m5,673.0,588.0,1206.0,899.0,1058.0,738.0
Human_STR_598281_T_p5,360.0,340.0,548.0,433.0,525.0,513.0
Human_STR_598281_T_ref,783.0,778.0,1227.0,1063.0,1232.0,933.0
Human_STR_600296_AGGGG_m5,3789.0,17362.0,4756.0,19555.0,4770.0,18274.0
Human_STR_600296_AGGGG_p5,1320.0,8757.0,1594.0,10117.0,1695.0,8591.0
Human_STR_600296_AGGGG_ref,2808.0,13586.0,3264.0,15606.0,3481.0,13991.0
Human_STR_600319_T_m5,538.0,2464.0,831.0,3299.0,769.0,2998.0
Human_STR_600319_T_p5,151.0,454.0,142.0,351.0,232.0,524.0
Human_STR_600319_T_ref,213.0,535.0,317.0,772.0,314.0,697.0
Human_STR_609040_AAAAAC_m5,1417.0,1574.0,1703.0,1976.0,1664.0,1487.0
Human_STR_609040_AAAAAC_p5,409.0,380.0,476.0,548.0,528.0,488.0
Human_STR_609040_AAAAAC_ref,1215.0,1574.0,1571.0,1552.0,1452.0,1352.0
Human_STR_60905_AGCCG_m5,1507.0,2029.0,1846.0,2224.0,1861.0,2049.0
Human_STR_60905_AGCCG_ref,431.0,274.0,594.0,262.0,444.0,172.0
Human_STR_610872_CTTT_m5,2824.0,9032.0,3500.0,10705.0,3428.0,9027.0
Human_STR_610872_CTTT_p5,3289.0,4001.0,4288.0,4941.0,4243.0,4290.0
Human_STR_610872_CTTT_ref,4273.0,9571.0,5079.0,11498.0,5743.0,11144.0
Human_STR_612124_CGTG_m5,1001.0,9457.0,1283.0,12602.0,1305.0,11109.0
Human_STR_612124_CGTG_p5,831.0,18071.0,1065.0,20690.0,978.0,20249.0
Human_STR_612124_CGTG_ref,780.0,10544.0,1015.0,13115.0,1222.0,13882.0
Human_STR_613750_CGTG_m5,53.0,264.0,50.0,95.0,0.0,0.0
Human_STR_613750_CGTG_p5,69.0,1249.0,101.0,1587.0,71.0,1703.0
Human_STR_613750_CGTG_ref,75.0,1115.0,98.0,1941.0,120.0,1890.0
Human_STR_625667_ACACTC_m5,3733.0,4326.0,4679.0,5443.0,4724.0,5148.0
Human_STR_625667_ACACTC_p5,2834.0,2252.0,3930.0,2940.0,3642.0,2511.0
Human_STR_625667_ACACTC_ref,1838.0,1814.0,1958.0,1789.0,2135.0,1734.0
Human_STR_648649_AC_m5,1080.0,1025.0,1306.0,1206.0,1340.0,1024.0
Human_STR_648649_AC_p5,741.0,607.0,883.0,599.0,940.0,605.0
Human_STR_648649_AC_ref,638.0,581.0,675.0,715.0,625.0,635.0
Human_STR_653428_CGGCT_m5,2368.0,2033.0,3045.0,2568.0,2720.0,2064.0
Human_STR_653428_CGGCT_p5,910.0,1441.0,1009.0,1569.0,1124.0,1499.0
Human_STR_653428_CGGCT_ref,954.0,664.0,1344.0,810.0,1249.0,698.0
Human_STR_657637_ATTT_m5,1549.0,10637.0,1799.0,11772.0,2102.0,10780.0
Human_STR_657637_ATTT_p5,453.0,1672.0,546.0,2157.0,530.0,1712.0
Human_STR_657637_ATTT_ref,872.0,8483.0,1130.0,10128.0,1223.0,10024.0
Human_STR_657663_T_m5,4064.0,104050.0,5016.0,116387.0,5064.0,102747.0
Human_STR_657663_T_p5,2702.0,46638.0,3464.0,50709.0,3761.0,48723.0
Human_STR_657663_T_ref,2979.0,47925.0,3748.0,53770.0,3930.0,50693.0
Human_STR_657940_T_m5,1578.0,1431.0,2287.0,2076.0,2243.0,1811.0
Human_STR_657940_T_p5,50.0,57.0,53.0,107.0,104.0,129.0
Human_STR_657940_T_ref,158.0,181.0,151.0,159.0,188.0,196.0
Human_STR_659647_AAAC_m5,2846.0,2436.0,3400.0,2765.0,3216.0,2552.0
Human_STR_659647_AAAC_p5,633.0,560.0,899.0,818.0,831.0,601.0
Human_STR_659647_AAAC_ref,944.0,834.0,1305.0,1267.0,1483.0,1079.0
Human_STR_666631_CT_m5,680.0,511.0,968.0,737.0,994.0,717.0
Human_STR_666631_CT_ref,424.0,359.0,606.0,484.0,445.0,397.0
Human_STR_668127_AC_m5,495.0,534.0,681.0,723.0,608.0,631.0
Human_STR_668127_AC_p5,901.0,837.0,969.0,1088.0,964.0,977.0
Human_STR_668127_AC_ref,645.0,911.0,795.0,1070.0,722.0,894.0
Human_STR_670013_AGCCC_m5,2403.0,6053.0,3094.0,8169.0,3170.0,7382.0
Human_STR_670013_AGCCC_p5,601.0,3215.0,812.0,4168.0,819.0,3714.0
Human_STR_670013_AGCCC_ref,1520.0,11284.0,1838.0,14306.0,1979.0,13845.0
Human_STR_670363_T_m5,390.0,356.0,471.0,522.0,585.0,589.0
Human_STR_670363_T_p5,140.0,104.0,281.0,213.0,176.0,140.0
Human_STR_670363_T_ref,68.0,54.0,93.0,91.0,195.0,154.0
Human_STR_670403_T_m5,2036.0,2183.0,2838.0,2828.0,2864.0,2488.0
Human_STR_670403_T_p5,537.0,544.0,765.0,920.0,770.0,695.0
Human_STR_670403_T_ref,832.0,843.0,1062.0,1087.0,984.0,925.0
Human_STR_67048_ATTT_m5,2074.0,5979.0,2410.0,7327.0,2476.0,6647.0
Human_STR_67048_ATTT_p5,288.0,373.0,390.0,500.0,448.0,490.0
Human_STR_67048_ATTT_ref,1732.0,9600.0,2083.0,11065.0,2056.0,10416.0
Human_STR_671361_AT_m5,1245.0,1120.0,1482.0,1279.0,1487.0,1202.0
Human_STR_671361_AT_ref,94.0,81.0,82.0,85.0,102.0,121.0
Human_STR_671550_A_m5,422.0,469.0,427.0,501.0,377.0,347.0
Human_STR_671550_A_p5,179.0,217.0,268.0,345.0,261.0,299.0
Human_STR_671550_A_ref,324.0,306.0,379.0,434.0,388.0,405.0
Human_STR_672898_ATT_m5,2587.0,2807.0,3232.0,3718.0,3539.0,3386.0
Human_STR_672898_ATT_p5,662.0,619.0,1020.0,903.0,966.0,750.0
Human_STR_672898_ATT_ref,2270.0,3035.0,2826.0,3782.0,3044.0,3414.0
Human_STR_673126_GTTT_m5,4112.0,32710.0,4974.0,37544.0,5022.0,33208.0
Human_STR_673126_GTTT_p5,2806.0,2876.0,3311.0,3480.0,3545.0,3291.0
Human_STR_673126_GTTT_ref,2883.0,18504.0,3512.0,21848.0,3522.0,18435.0
Human_STR_685604_AGG_m5,924.0,1994.0,1194.0,2083.0,1307.0,2181.0
Human_STR_685604_AGG_p5,133.0,250.0,206.0,361.0,213.0,358.0
Human_STR_685604_AGG_ref,457.0,793.0,697.0,1003.0,588.0,820.0
Human_STR_69112_AAAAC_m5,1372.0,1825.0,1859.0,2071.0,1750.0,2041.0
Human_STR_69112_AAAAC_p5,421.0,662.0,545.0,789.0,646.0,786.0
Human_STR_69112_AAAAC_ref,1292.0,1480.0,1595.0,1776.0,1648.0,1546.0
Human_STR_691668_GTTTT_m5,1877.0,5358.0,2267.0,6313.0,2152.0,5147.0
Human_STR_691668_GTTTT_p5,663.0,1014.0,855.0,1400.0,785.0,1091.0
Human_STR_691668_GTTTT_ref,170.0,557.0,276.0,783.0,171.0,529.0
Human_STR_691796_AAAAC_m5,2344.0,3178.0,2804.0,3905.0,2761.0,3660.0
Human_STR_691796_AAAAC_p5,421.0,309.0,574.0,556.0,492.0,332.0
Human_STR_691796_AAAAC_ref,818.0,1321.0,1023.0,1651.0,1030.0,1454.0
Human_STR_695043_AAAC_m5,597.0,919.0,853.0,1190.0,756.0,921.0
Human_STR_695043_AAAC_p5,295.0,278.0,463.0,411.0,331.0,324.0
Human_STR_695043_AAAC_ref,583.0,440.0,736.0,692.0,714.0,622.0
Human_STR_696065_AC_m5,1459.0,1357.0,1902.0,1426.0,1598.0,1234.0
Human_STR_696065_AC_p5,933.0,853.0,1444.0,1110.0,1263.0,1096.0
Human_STR_696065_AC_ref,1347.0,1138.0,1572.0,1475.0,1663.0,1163.0
Human_STR_697537_CTG_m5,1065.0,1619.0,1431.0,2025.0,1489.0,1936.0
Human_STR_697537_CTG_p5,1164.0,2085.0,1516.0,2922.0,1493.0,2426.0
Human_STR_697537_CTG_ref,1195.0,2431.0,1329.0,2542.0,1530.0,2357.0
Human_STR_697572_AATG_m5,1090.0,950.0,1400.0,1383.0,1339.0,1135.0
Human_STR_697572_AATG_p5,243.0,311.0,308.0,302.0,338.0,316.0
Human_STR_697572_AATG_ref,325.0,344.0,416.0,474.0,423.0,368.0
Human_STR_702404_CGTG_m5,1152.0,4908.0,1644.0,7277.0,1688.0,6141.0
Human_STR_702404_CGTG_p5,1103.0,8489.0,1512.0,11232.0,1648.0,10790.0
Human_STR_702404_CGTG_ref,926.0,4981.0,1191.0,6953.0,1301.0,6675.0
Human_STR_709759_T_m5,759.0,705.0,877.0,949.0,971.0,936.0
Human_STR_709759_T_p5,781.0,856.0,1241.0,1227.0,1297.0,1055.0
Human_STR_709759_T_ref,900.0,786.0,1092.0,967.0,1103.0,780.0
Human_STR_711146_T_m5,1024.0,898.0,1583.0,1512.0,1324.0,1245.0
Human_STR_711146_T_p5,469.0,511.0,724.0,689.0,635.0,515.0
Human_STR_711146_T_ref,600.0,523.0,821.0,774.0,843.0,655.0
Human_STR_714939_T_m5,89.0,119.0,216.0,229.0,94.0,115.0
Human_STR_714939_T_p5,87.0,94.0,84.0,91.0,96.0,128.0
Human_STR_714939_T_ref,53.0,60.0,69.0,69.0,73.0,63.0
Human_STR_715088_T_m5,1415.0,1242.0,1846.0,1574.0,1704.0,1399.0
Human_STR_715088_T_p5,1312.0,1420.0,1660.0,1775.0,1718.0,1440.0
Human_STR_715088_T_ref,1600.0,1848.0,2173.0,2444.0,2211.0,2038.0
Human_STR_715781_AGCCG_m5,1850.0,1176.0,2619.0,1450.0,2165.0,1226.0
Human_STR_715781_AGCCG_p5,570.0,677.0,743.0,899.0,755.0,697.0
Human_STR_715781_AGCCG_ref,853.0,580.0,1243.0,719.0,1080.0,747.0
Human_STR_716928_AGGCCG_m5,668.0,988.0,1019.0,1338.0,917.0,1169.0
Human_STR_716928_AGGCCG_p5,248.0,341.0,338.0,402.0,369.0,403.0
Human_STR_716928_AGGCCG_ref,1349.0,1466.0,1771.0,2031.0,1904.0,1811.0
Human_STR_718523_T_m5,215.0,187.0,215.0,189.0,173.0,140.0
Human_STR_72402_AC_m5,4123.0,73466.0,5034.0,86743.0,5242.0,79982.0
Human_STR_72402_AC_p5,2487.0,25099.0,3113.0,29059.0,3099.0,27627.0
Human_STR_72402_AC_ref,4040.0,43190.0,5076.0,50976.0,5167.0,45637.0
Human_STR_724426_GTT_m5,4201.0,329364.0,5123.0,378015.0,5035.0,356649.0
Human_STR_724426_GTT_p5,3617.0,117493.0,4726.0,137929.0,4878.0,128812.0
Human_STR_724426_GTT_ref,4017.0,221872.0,4967.0,264865.0,5066.0,235088.0
Human_STR_72484_A_m5,498.0,639.0,754.0,1104.0,937.0,955.0
Human_STR_72484_A_p5,597.0,792.0,1127.0,1173.0,1012.0,1044.0
Human_STR_72484_A_ref,1155.0,1278.0,1490.0,1859.0,1517.0,1737.0
Human_STR_73568_GT_m5,2591.0,2266.0,3183.0,3192.0,2978.0,2679.0
Human_STR_73568_GT_p5,2010.0,1891.0,2589.0,2268.0,2546.0,1837.0
Human_STR_73568_GT_ref,3594.0,3247.0,4524.0,4023.0,4354.0,3442.0
Human_STR_736592_ATT_m5,1327.0,1136.0,1983.0,1765.0,1809.0,1395.0
Human_STR_736592_ATT_p5,125.0,61.0,195.0,150.0,106.0,60.0
Human_STR_736592_ATT_ref,302.0,202.0,524.0,359.0,572.0,304.0
Human_STR_74485_CCT_m5,1930.0,2173.0,2596.0,2902.0,2377.0,2600.0
Human_STR_74485_CCT_p5,1556.0,2924.0,1889.0,3857.0,1855.0,3086.0
Human_STR_74485_CCT_ref,1544.0,2370.0,2048.0,2777.0,2131.0,3094.0
Human_STR_745303_T_m5,1318.0,1799.0,1672.0,2247.0,1560.0,1950.0
Human_STR_745303_T_p5,114.0,104.0,279.0,302.0,242.0,288.0
Human_STR_745303_T_ref,653.0,821.0,913.0,1113.0,783.0,936.0
Human_STR_755276_A_m5,573.0,519.0,833.0,745.0,743.0,523.0
Human_STR_755276_A_p5,371.0,310.0,511.0,514.0,518.0,409.0
Human_STR_755276_A_ref,395.0,515.0,479.0,469.0,604.0,536.0
Human_STR_755872_CGGCT_m5,2302.0,2822.0,3055.0,3464.0,3249.0,3322.0
Human_STR_755872_CGGCT_p5,1192.0,3291.0,1336.0,3739.0,1323.0,3646.0
Human_STR_755872_CGGCT_ref,950.0,1129.0,1216.0,1288.0,1068.0,1284.0
Human_STR_757317_GTTTT_m5,3827.0,4671.0,4824.0,5887.0,4542.0,4995.0
Human_STR_757317_GTTTT_p5,5353.0,6399.0,6999.0,8030.0,6536.0,6675.0
Human_STR_757317_GTTTT_ref,4243.0,7485.0,5527.0,9151.0,5332.0,8050.0
Human_STR_762677_A_m5,375.0,629.0,541.0,785.0,425.0,620.0
Human_STR_762677_A_p5,270.0,437.0,283.0,395.0,345.0,472.0
Human_STR_762677_A_ref,360.0,534.0,413.0,551.0,397.0,519.0
Human_STR_767317_AC_m5,3004.0,2868.0,3249.0,3469.0,3659.0,3073.0
Human_STR_767317_AC_p5,2422.0,3141.0,3165.0,3528.0,3487.0,3199.0
Human_STR_767317_AC_ref,3233.0,3330.0,3887.0,4215.0,3777.0,3345.0
Human_STR_771118_GTTT_m5,83.0,110.0,127.0,147.0,226.0,244.0
Human_STR_771118_GTTT_ref,180.0,143.0,151.0,133.0,215.0,174.0
Human_STR_780041_AGGGG_m5,1772.0,1926.0,2121.0,2149.0,2175.0,2243.0
Human_STR_780041_AGGGG_p5,552.0,4561.0,772.0,6371.0,753.0,6119.0
Human_STR_780041_AGGGG_ref,2788.0,14687.0,3430.0,16942.0,3543.0,15564.0
Human_STR_780042_CCT_m5,3900.0,72518.0,4984.0,85545.0,4922.0,79897.0
Human_STR_780042_CCT_p5,4861.0,115612.0,6239.0,130356.0,6241.0,123159.0
Human_STR_780042_CCT_ref,3714.0,93061.0,4947.0,109691.0,4940.0,101613.0
Human_STR_791909_GT_m5,946.0,839.0,1225.0,985.0,1240.0,810.0
Human_STR_791909_GT_p5,946.0,907.0,1163.0,1171.0,1094.0,997.0
Human_STR_791909_GT_ref,912.0,776.0,1006.0,773.0,1180.0,941.0
Human_STR_792114_A_m5,540.0,476.0,735.0,783.0,726.0,528.0
Human_STR_792114_A_p5,162.0,123.0,278.0,248.0,145.0,128.0
Human_STR_792114_A_ref,503.0,413.0,593.0,487.0,697.0,494.0
Human_STR_792122_AAAT_m5,4074.0,12347.0,4681.0,14476.0,4975.0,12631.0
Human_STR_792122_AAAT_p5,829.0,1178.0,914.0,1164.0,860.0,936.0
Human_STR_792122_AAAT_ref,1345.0,2546.0,1787.0,3038.0,1799.0,2685.0
Human_STR_794264_CCT_m5,2522.0,2874.0,3373.0,3708.0,3218.0,3197.0
Human_STR_794264_CCT_p5,2151.0,5687.0,2552.0,7058.0,2766.0,6305.0
Human_STR_794264_CCT_ref,2943.0,6083.0,3751.0,7578.0,3729.0,6672.0
Human_STR_799495_AGCCGG_m5,4217.0,5411.0,5410.0,6265.0,5280.0,5801.0
Human_STR_799495_AGCCGG_p5,2229.0,2200.0,2498.0,2281.0,2402.0,2266.0
Human_STR_799495_AGCCGG_ref,3679.0,4829.0,4569.0,5220.0,4590.0,4800.0
Human_STR_812967_T_m5,1552.0,1720.0,1818.0,1875.0,1963.0,1826.0
Human_STR_812967_T_p5,1648.0,1892.0,1803.0,2280.0,1761.0,1851.0
Human_STR_812967_T_ref,1173.0,1354.0,1580.0,1827.0,1402.0,1574.0
Human_STR_818848_ACGC_m5,1044.0,4687.0,1479.0,6800.0,1464.0,6073.0
Human_STR_818848_ACGC_p5,1184.0,43469.0,1552.0,45464.0,1548.0,42223.0
Human_STR_818848_ACGC_ref,1554.0,35409.0,1737.0,38450.0,1949.0,35703.0
Human_STR_830194_ATTGTT_m5,1190.0,1184.0,1803.0,1836.0,1550.0,1466.0
Human_STR_830194_ATTGTT_p5,4146.0,5738.0,5292.0,7523.0,5385.0,6022.0
Human_STR_830194_ATTGTT_ref,2374.0,2999.0,2895.0,3651.0,3128.0,3565.0
Human_STR_833273_T_m5,935.0,1065.0,1331.0,1407.0,1409.0,1452.0
Human_STR_833273_T_p5,93.0,135.0,226.0,239.0,210.0,192.0
Human_STR_833273_T_ref,386.0,466.0,564.0,643.0,547.0,556.0
Human_STR_834606_AAAC_m5,233.0,182.0,259.0,252.0,276.0,298.0
Human_STR_834606_AAAC_p5,136.0,144.0,142.0,177.0,197.0,206.0
Human_STR_834606_AAAC_ref,140.0,181.0,238.0,261.0,278.0,232.0
Human_STR_834695_AGCGG_m5,2632.0,36012.0,3375.0,41021.0,3255.0,35944.0
Human_STR_834695_AGCGG_p5,372.0,2674.0,405.0,3085.0,402.0,2513.0
Human_STR_834695_AGCGG_ref,807.0,7017.0,1138.0,9652.0,1063.0,8064.0
Human_STR_842201_AGGG_m5,801.0,908.0,1110.0,1145.0,898.0,987.0
Human_STR_842201_AGGG_p5,1018.0,832.0,1139.0,891.0,991.0,664.0
Human_STR_842201_AGGG_ref,725.0,849.0,890.0,1003.0,1022.0,861.0
Human_STR_84614_CCT_m5,2774.0,6444.0,3376.0,7794.0,3383.0,6994.0
Human_STR_84614_CCT_p5,10470.0,47946.0,13057.0,58398.0,13336.0,52182.0
Human_STR_84614_CCT_ref,6197.0,25183.0,7990.0,31500.0,8388.0,29378.0
Human_STR_848201_CCT_m5,571.0,672.0,738.0,881.0,728.0,683.0
Human_STR_848201_CCT_p5,783.0,1729.0,1133.0,2464.0,1144.0,2033.0
Human_STR_848201_CCT_ref,772.0,1151.0,1063.0,1652.0,941.0,1240.0
Human_STR_849325_T_m5,1327.0,1241.0,1626.0,1786.0,1561.0,1488.0
Human_STR_849325_T_p5,512.0,667.0,709.0,931.0,687.0,738.0
Human_STR_849325_T_ref,1145.0,1499.0,1763.0,2047.0,1352.0,1604.0
Human_STR_855906_AGGG_m5,1862.0,2917.0,2514.0,4034.0,2347.0,3315.0
Human_STR_855906_AGGG_p5,253.0,1048.0,434.0,1648.0,327.0,1327.0
Human_STR_855906_AGGG_ref,1775.0,6525.0,2466.0,8674.0,2461.0,8196.0
Human_STR_856843_CCTT_m5,980.0,1219.0,1369.0,1827.0,1206.0,1619.0
Human_STR_856843_CCTT_p5,1977.0,2020.0,2408.0,2870.0,2399.0,2473.0
Human_STR_856843_CCTT_ref,1009.0,971.0,1327.0,1295.0,1280.0,1068.0
Human_STR_865604_CGTG_m5,1408.0,5156.0,1754.0,6067.0,1750.0,5618.0
Human_STR_865604_CGTG_p5,1086.0,40191.0,1437.0,44139.0,1532.0,39782.0
Human_STR_865604_CGTG_ref,1213.0,53934.0,1566.0,57608.0,1666.0,56233.0
Human_STR_868127_A_m5,558.0,791.0,1070.0,1461.0,907.0,1036.0
Human_STR_868127_A_p5,319.0,468.0,445.0,449.0,331.0,383.0
Human_STR_868127_A_ref,841.0,1165.0,959.0,1172.0,927.0,1146.0
Human_STR_883658_CCT_m5,767.0,1045.0,1087.0,1292.0,1035.0,1014.0
Human_STR_883658_CCT_p5,1946.0,3545.0,2564.0,4372.0,2554.0,4207.0
Human_STR_883658_CCT_ref,1347.0,1617.0,1834.0,2408.0,1929.0,2035.0
Human_STR_885664_T_m5,2192.0,2465.0,2728.0,3429.0,2721.0,2902.0
Human_STR_885664_T_p5,177.0,393.0,439.0,655.0,402.0,531.0
Human_STR_885664_T_ref,459.0,597.0,526.0,642.0,469.0,511.0
Human_STR_886274_AGGCGC_m5,4866.0,11202.0,6006.0,13031.0,5921.0,12534.0
Human_STR_886274_AGGCGC_p5,623.0,2691.0,827.0,3690.0,753.0,3257.0
Human_STR_886274_AGGCGC_ref,2170.0,9921.0,2416.0,12696.0,2804.0,11535.0
Human_STR_896892_GT_m5,1221.0,1104.0,1393.0,1265.0,1295.0,1123.0
Human_STR_896892_GT_p5,924.0,935.0,1149.0,1154.0,984.0,1001.0
Human_STR_896892_GT_ref,801.0,854.0,1077.0,1066.0,845.0,796.0
Human_STR_899123_A_m5,1562.0,1751.0,2108.0,2256.0,1924.0,1760.0
Human_STR_899123_A_p5,717.0,735.0,822.0,817.0,764.0,613.0
Human_STR_899123_A_ref,1314.0,1492.0,1396.0,1465.0,1667.0,1348.0
Human_STR_901344_CGTG_m5,3275.0,7791.0,4241.0,9287.0,4313.0,8385.0
Human_STR_901344_CGTG_p5,1836.0,17409.0,2416.0,18828.0,2305.0,17256.0
Human_STR_901344_CGTG_ref,2323.0,10576.0,3032.0,12039.0,2701.0,11539.0
Human_STR_901629_A_m5,319.0,255.0,394.0,355.0,366.0,280.0
Human_STR_901629_A_p5,157.0,126.0,215.0,192.0,93.0,81.0
Human_STR_901629_A_ref,204.0,251.0,268.0,251.0,295.0,233.0
Human_STR_906507_A_m5,502.0,532.0,661.0,805.0,629.0,581.0
Human_STR_906507_A_p5,241.0,443.0,346.0,566.0,333.0,449.0
Human_STR_906507_A_ref,620.0,665.0,578.0,651.0,614.0,704.0
Human_STR_906532_A_m5,2372.0,2043.0,3204.0,2574.0,3133.0,2178.0
Human_STR_906532_A_p5,1673.0,1175.0,2068.0,1499.0,1813.0,1242.0
Human_STR_906532_A_ref,1905.0,1637.0,2401.0,1867.0,2250.0,1514.0
Human_STR_909269_AGCG_m5,1520.0,2468.0,1965.0,2853.0,1959.0,2686.0
Human_STR_909269_AGCG_p5,1418.0,2203.0,1782.0,2719.0,1421.0,2109.0
Human_STR_909269_AGCG_ref,2158.0,3651.0,2587.0,3977.0,2577.0,3552.0
Human_STR_916746_CGGCT_m5,3215.0,27841.0,4165.0,33295.0,4231.0,30317.0
Human_STR_916746_CGGCT_p5,1051.0,10701.0,1352.0,12178.0,1298.0,10545.0
Human_STR_916746_CGGCT_ref,3549.0,25569.0,4588.0,31012.0,4396.0,27199.0
Human_STR_928070_AGG_m5,883.0,1519.0,1136.0,1837.0,1194.0,1902.0
Human_STR_928070_AGG_p5,303.0,1456.0,417.0,1816.0,493.0,1927.0
Human_STR_928070_AGG_ref,400.0,1142.0,596.0,1791.0,615.0,1676.0
Human_STR_932662_ACGC_m5,1800.0,18054.0,2479.0,24461.0,2520.0,21567.0
Human_STR_932662_ACGC_p5,960.0,9118.0,1193.0,10182.0,1263.0,9811.0
Human_STR_932662_ACGC_ref,1207.0,12345.0,1811.0,16307.0,1618.0,14153.0
Human_STR_939149_CTTT_m5,2263.0,6355.0,2661.0,7194.0,2810.0,6927.0
Human_STR_939149_CTTT_p5,3228.0,3844.0,4160.0,4408.0,4210.0,4090.0
Human_STR_939149_CTTT_ref,2069.0,4540.0,2595.0,5212.0,2559.0,4923.0
Human_STR_939912_A_m5,240.0,224.0,309.0,302.0,380.0,283.0
Human_STR_939912_A_p5,323.0,355.0,409.0,384.0,377.0,336.0
Human_STR_939912_A_ref,260.0,233.0,445.0,324.0,397.0,309.0
Human_STR_940380_AC_m5,2290.0,1833.0,3012.0,2202.0,2828.0,2035.0
Human_STR_940380_AC_p5,1606.0,1547.0,1674.0,1755.0,1713.0,1508.0
Human_STR_940380_AC_ref,2725.0,2374.0,3386.0,2597.0,3120.0,2189.0
Human_STR_940732_GT_m5,1350.0,1084.0,1609.0,1341.0,1677.0,1258.0
Human_STR_940732_GT_p5,1367.0,1118.0,1666.0,1334.0,1574.0,1141.0
Human_STR_940732_GT_ref,1292.0,827.0,1759.0,1248.0,1559.0,1109.0
Human_STR_944605_T_m5,1858.0,1415.0,2382.0,1945.0,2391.0,1811.0
Human_STR_944605_T_p5,186.0,174.0,246.0,219.0,279.0,280.0
Human_STR_944605_T_ref,517.0,728.0,755.0,929.0,655.0,528.0
Human_STR_949907_T_m5,779.0,607.0,1217.0,901.0,963.0,737.0
Human_STR_949907_T_p5,80.0,92.0,34.0,58.0,0.0,0.0
Human_STR_949907_T_ref,75.0,78.0,205.0,202.0,201.0,201.0
Human_STR_951342_GTT_m5,1122.0,1175.0,1530.0,1760.0,1392.0,1290.0
Human_STR_951342_GTT_p5,749.0,816.0,877.0,1125.0,1121.0,1035.0
Human_STR_951342_GTT_ref,799.0,1039.0,1321.0,1752.0,1326.0,1484.0
Human_STR_960684_ATTT_m5,661.0,539.0,1025.0,850.0,1156.0,784.0
Human_STR_960684_ATTT_ref,308.0,217.0,481.0,340.0,355.0,315.0
Human_STR_9723_AGCCG_m5,1074.0,1031.0,1489.0,1319.0,1352.0,1012.0
Human_STR_9723_AGCCG_ref,132.0,171.0,252.0,198.0,112.0,106.0
Human_STR_973579_T_m5,199.0,198.0,418.0,324.0,298.0,265.0
Human_STR_977626_T_m5,505.0,484.0,556.0,740.0,636.0,719.0
Human_STR_977626_T_p5,179.0,251.0,346.0,391.0,217.0,231.0
Human_STR_977626_T_ref,680.0,677.0,857.0,1069.0,797.0,903.0
Human_STR_981544_T_m5,478.0,678.0,634.0,815.0,438.0,626.0
Human_STR_981544_T_p5,554.0,739.0,645.0,916.0,609.0,922.0
Human_STR_981544_T_ref,573.0,682.0,811.0,1002.0,871.0,899.0
Human_STR_981783_T_m5,157.0,169.0,316.0,310.0,293.0,202.0
Human_STR_981783_T_p5,113.0,97.0,218.0,178.0,245.0,231.0
Human_STR_981783_T_ref,236.0,180.0,316.0,305.0,427.0,286.0
Human_STR_983532_AACC_m5,363.0,374.0,309.0,313.0,368.0,293.0
Human_STR_983532_AACC_p5,38.0,60.0,116.0,115.0,153.0,166.0
Human_STR_983532_AACC_ref,134.0,108.0,419.0,416.0,270.0,268.0
Human_STR_984491_A_m5,1154.0,1067.0,1456.0,1405.0,1324.0,1054.0
Human_STR_984491_A_p5,318.0,320.0,454.0,442.0,446.0,417.0
Human_STR_984491_A_ref,811.0,911.0,949.0,978.0,933.0,855.0
Human_STR_984945_GT_m5,2027.0,1843.0,2539.0,2295.0,2420.0,1949.0
Human_STR_984945_GT_p5,1269.0,1245.0,1576.0,1551.0,1579.0,1571.0
Human_STR_984945_GT_ref,1867.0,1781.0,2089.0,2009.0,2089.0,1859.0
Human_STR_985002_T_m5,717.0,481.0,1135.0,767.0,1119.0,720.0
Human_STR_985002_T_p5,45.0,53.0,120.0,107.0,84.0,87.0
Human_STR_985002_T_ref,129.0,110.0,234.0,204.0,196.0,136.0
Human_STR_985503_CGGGGT_m5,1946.0,4537.0,2611.0,5115.0,2464.0,4704.0
Human_STR_985503_CGGGGT_p5,314.0,204.0,593.0,319.0,380.0,166.0
Human_STR_985503_CGGGGT_ref,1481.0,1772.0,1561.0,1959.0,1761.0,1821.0
Human_STR_992681_CCT_m5,1139.0,906.0,1138.0,1123.0,1200.0,886.0
Human_STR_992681_CCT_p5,1327.0,1793.0,1758.0,2071.0,1603.0,1884.0
Human_STR_992681_CCT_ref,1050.0,1040.0,1361.0,1392.0,1178.0,1046.0
Human_STR_ALOX-Fotsing_CGGGGG_m5,2990.0,77061.0,3726.0,93320.0,3680.0,80622.0
Human_STR_ALOX-Fotsing_CGGGGG_ref,1061.0,34848.0,1265.0,38196.0,1431.0,36404.0
Human_STR_BCL2L11-Margoliash_GCC_m5,1117.0,1335.0,1505.0,1853.0,1517.0,1670.0
Human_STR_BCL2L11-Margoliash_GCC_p5,61.0,47.0,73.0,65.0,0.0,0.0
Human_STR_BCL2L11-Margoliash_GCC_ref,535.0,623.0,709.0,751.0,714.0,844.0
Human_STR_CBLimpurity_CGG_m5,2055.0,6492.0,2614.0,7675.0,2561.0,6892.0
Human_STR_CBLimpurity_CGG_p5,371.0,698.0,418.0,620.0,435.0,726.0
Human_STR_CBLimpurity_CGG_ref,1183.0,2753.0,1346.0,3102.0,1481.0,2978.0
Human_STR_CDS:APOB-Margoliash_CAG_m5,774.0,770.0,692.0,783.0,942.0,828.0
Human_STR_CDS:APOB-Margoliash_CAG_p5,123.0,151.0,193.0,174.0,157.0,180.0
Human_STR_CDS:APOB-Margoliash_CAG_ref,378.0,285.0,450.0,363.0,581.0,435.0
Human_STR_CSTB-Fotsing_CGGGG_m5,5877.0,6050.0,7676.0,7356.0,7522.0,6562.0
Human_STR_CSTB-Fotsing_CGGGG_p5,851.0,5382.0,966.0,6122.0,1019.0,5465.0
Human_STR_CSTB-Fotsing_CGGGG_ref,2683.0,9713.0,3423.0,11303.0,3474.0,9961.0
Human_STR_MrBig_A_p1,926.0,1011.0,1010.0,1140.0,1107.0,993.0
Human_STR_MrBig_A_p10,150.0,146.0,377.0,280.0,261.0,200.0
Human_STR_MrBig_A_p11,437.0,410.0,595.0,555.0,652.0,571.0
Human_STR_MrBig_A_p12,397.0,371.0,678.0,527.0,505.0,425.0
Human_STR_MrBig_A_p13,323.0,311.0,399.0,366.0,376.0,363.0
Human_STR_MrBig_A_p14,345.0,374.0,536.0,524.0,531.0,467.0
Human_STR_MrBig_A_p15,367.0,239.0,470.0,402.0,416.0,391.0
Human_STR_MrBig_A_p16,292.0,267.0,496.0,466.0,282.0,300.0
Human_STR_MrBig_A_p17,203.0,179.0,303.0,246.0,231.0,200.0
Human_STR_MrBig_A_p18,252.0,241.0,308.0,238.0,312.0,264.0
Human_STR_MrBig_A_p19,367.0,377.0,456.0,534.0,477.0,397.0
Human_STR_MrBig_A_p2,459.0,488.0,496.0,513.0,570.0,607.0
Human_STR_MrBig_A_p3,291.0,284.0,480.0,536.0,483.0,458.0
Human_STR_MrBig_A_p4,780.0,702.0,1005.0,908.0,1008.0,757.0
Human_STR_MrBig_A_p5,404.0,423.0,490.0,535.0,510.0,458.0
Human_STR_MrBig_A_p6,610.0,546.0,733.0,823.0,738.0,621.0
Human_STR_MrBig_A_p7,531.0,520.0,570.0,597.0,471.0,430.0
Human_STR_MrBig_A_p8,477.0,504.0,623.0,725.0,588.0,545.0
Human_STR_MrBig_A_p9,464.0,434.0,622.0,632.0,756.0,651.0
Human_STR_MrBig_GCGG_p1,853.0,1184.0,1246.0,1623.0,1190.0,1489.0
Human_STR_MrBig_GCGG_p10,179.0,485.0,220.0,317.0,221.0,367.0
Human_STR_MrBig_GCGG_p11,45.0,159.0,67.0,172.0,48.0,148.0
Human_STR_MrBig_GCGG_p13,93.0,214.0,105.0,215.0,130.0,171.0
Human_STR_MrBig_GCGG_p2,712.0,1327.0,946.0,1681.0,839.0,1386.0
Human_STR_MrBig_GCGG_p3,756.0,1409.0,951.0,1861.0,884.0,1433.0
Human_STR_MrBig_GCGG_p4,1452.0,2729.0,2003.0,3775.0,1953.0,3304.0
Human_STR_MrBig_GCGG_p5,1112.0,2214.0,1352.0,2407.0,1383.0,2135.0
Human_STR_MrBig_GCGG_p6,749.0,1392.0,834.0,1640.0,870.0,1616.0
Human_STR_MrBig_GCGG_p7,760.0,1930.0,1092.0,2368.0,991.0,1935.0
Human_STR_MrBig_GCGG_p8,931.0,2178.0,1193.0,2826.0,1097.0,2452.0
Human_STR_MrBig_GCGG_p9,383.0,656.0,390.0,789.0,408.0,743.0
Human_STR_PACSIN1_G_m5,113.0,87.0,112.0,60.0,106.0,101.0
Human_STR_PACSIN1_G_p5,133.0,106.0,122.0,115.0,0.0,0.0
Human_STR_PACSIN2_A_m5,289.0,342.0,360.0,447.0,283.0,338.0
Human_STR_PACSIN3_TA_m5,418.0,409.0,514.0,552.0,605.0,532.0
Human_STR_PACSIN4_CA_p5,78.0,86.0,71.0,163.0,120.0,145.0
Human_STR_PACSIN5_TA_m5,68.0,79.0,68.0,69.0,57.0,60.0
Human_STR_PACSIN5_TA_p5,77.0,133.0,152.0,186.0,84.0,182.0
Human_STR_PACSIN_GATACATA_ref,102.0,117.0,100.0,124.0,105.0,96.0
Human_STR_RFT1-Fotsing_AC_m5,914.0,689.0,1127.0,825.0,1062.0,710.0
Human_STR_RFT1-Fotsing_AC_p5,614.0,532.0,822.0,620.0,793.0,486.0
Human_STR_RFT1-Fotsing_AC_ref,1231.0,913.0,1486.0,1029.0,1384.0,849.0
Human_STR_SMYD3_GGGGC_m1,846.0,1755.0,1188.0,2363.0,945.0,1833.0
Human_STR_SMYD3_GGGGC_p1,825.0,2159.0,1069.0,3053.0,967.0,2590.0
Human_STR_SMYD3_GGGGC_ref,617.0,2012.0,825.0,2385.0,938.0,2387.0
haplo1/5_negative,153.0,195.0,173.0,242.0,231.0,220.0
haplo100-2_positive,384.0,372.0,574.0,561.0,529.0,458.0
haplo103-6_positive,198.0,467.0,289.0,593.0,313.0,599.0
haplo133_negative,108.0,149.0,177.0,206.0,121.0,120.0
haplo134/6/7_negative,457.0,951.0,453.0,1134.0,472.0,823.0
haplo160/1_positive,154.0,177.0,255.0,306.0,205.0,231.0
haplo174-76_negative,190.0,387.0,270.0,426.0,206.0,236.0
haplo177/9/80_negative,384.0,546.0,554.0,726.0,394.0,622.0
haplo209/10_positive,858.0,515.0,1303.0,792.0,1095.0,682.0
haplo213/14/16/17_positive,284.0,293.0,383.0,333.0,393.0,244.0
haplo228-30_negative,288.0,242.0,330.0,328.0,380.0,236.0
haplo248/49_positive,334.0,256.0,436.0,311.0,430.0,315.0
haplo250-3_positive,149.0,127.0,235.0,207.0,225.0,204.0
haplo257/259/260_positive,500.0,463.0,611.0,736.0,583.0,680.0
haplo270/4/5_positive,102.0,79.0,43.0,39.0,47.0,41.0
haplo276/8_positive,125.0,148.0,216.0,200.0,152.0,135.0
haplo28/29_negative,466.0,402.0,675.0,658.0,611.0,535.0
haplo318/19_negative,281.0,364.0,377.0,415.0,337.0,330.0
haplo333_positive,194.0,195.0,191.0,296.0,200.0,226.0
haplo338-42_positive,57.0,58.0,102.0,106.0,94.0,98.0
haplo346-50_positive,136.0,126.0,204.0,280.0,113.0,112.0
haplo365_positive,175.0,239.0,200.0,312.0,268.0,349.0
haplo367/9/70/1_negative,345.0,389.0,327.0,401.0,417.0,370.0
haplo379_negative,147.0,127.0,228.0,197.0,202.0,196.0
haplo383_negative,115.0,167.0,138.0,288.0,174.0,231.0
haplo401-4/6_negative,175.0,170.0,246.0,217.0,283.0,236.0
haplo419_negative,85.0,61.0,176.0,106.0,132.0,89.0
haplo421_negative,624.0,727.0,653.0,852.0,535.0,585.0
haplo434_negative,417.0,477.0,514.0,555.0,491.0,623.0
haplo445/47/49_negative,1157.0,1312.0,1295.0,1627.0,1426.0,1533.0
haplo464/66_negative,228.0,457.0,316.0,500.0,365.0,613.0
haplo469-71_negative,175.0,235.0,260.0,380.0,268.0,357.0
haplo500/1_negative,255.0,361.0,305.0,500.0,303.0,557.0
haplo502/3_negative,544.0,538.0,732.0,656.0,655.0,648.0
haplo509/11/12_negative,202.0,230.0,348.0,321.0,229.0,266.0
haplo517_negative,166.0,193.0,181.0,219.0,195.0,229.0
haplo71-76_positive,278.0,266.0,418.0,271.0,379.0,277.0
Human_STR_1175971_T_p5,0.0,0.0,41.0,42.0,0.0,0.0
Human_STR_1226508_T_ref,0.0,0.0,42.0,41.0,91.0,98.0
Human_STR_161429_T_p5,0.0,0.0,82.0,95.0,74.0,91.0
Human_STR_274430_T_p5,0.0,0.0,43.0,61.0,0.0,0.0
Human_STR_370730_A_m5,0.0,0.0,88.0,60.0,51.0,53.0
Human_STR_462669_T_m5,0.0,0.0,109.0,111.0,64.0,54.0
Human_STR_551105_T_m5,0.0,0.0,84.0,82.0,100.0,108.0
Human_STR_718523_T_ref,0.0,0.0,98.0,122.0,52.0,74.0
Human_STR_771118_GTTT_p5,0.0,0.0,99.0,156.0,51.0,43.0
Human_STR_960684_ATTT_p5,0.0,0.0,75.0,61.0,0.0,0.0
Human_STR_973579_T_p5,0.0,0.0,35.0,45.0,0.0,0.0
Human_STR_973579_T_ref,0.0,0.0,67.0,69.0,41.0,51.0
haplo343-5_positive,0.0,0.0,54.0,51.0,102.0,62.0
Human_STR_462669_T_p5,0.0,0.0,0.0,0.0,40.0,36.0
Human_STR_666631_CT_p5,0.0,0.0,0.0,0.0,41.0,41.0
Human_STR_718523_T_p5,0.0,0.0,0.0,0.0,48.0,54.0
